{"cameraMode":{"drawMode":0,"name":"Shaded","section":"Shading Mode"},"sceneLighting":true,"audioPlay":false,"sceneViewState":{"showFog":true,"showMaterialUpdate":true,"showSkybox":true,"showFlares":true,"showImageEffects":true,"showParticleSystems":true},"in2DMode":false,"pivot":{"x":0.15307080745697022,"y":-0.02599477767944336,"z":6.133263111114502},"rotation":{"x":-0.2559240162372589,"y":-0.5006154179573059,"z":0.1578284054994583,"w":-0.8117936849594116},"size":12.957025527954102,"orthographic":false}